{
    "name": "Arnett",
    "params": {},
    "mej": 2.0606224461028715,
    "mej_err": 0.06581261929642017,
    "mni": 0.07679490449836904,
    "mni_err": 0.0007456888806511408,
    "eexp": 0.0,
    "eexp_err": 0,
    "vph": 22.0,
    "vph_err": 0,
    "ek": 299.2023791741369,
    "ek_err": 9.555992321840208
}