{
    "name": "Arnett",
    "params": {},
    "mej": 2.1085445829559624,
    "mej_err": 0.07026409998690099,
    "mni": 0.07675364164162533,
    "mni_err": 0.0007251304087140728,
    "eexp": 0.0,
    "eexp_err": 0,
    "vph": 22.0,
    "vph_err": 0,
    "ek": 306.16067344520576,
    "ek_err": 10.202347318098024
}