{
    "name": "Arnett",
    "params": {},
    "mej": 1.9635476554157845,
    "mej_err": 0.04515080723834162,
    "mni": 0.07694740033926911,
    "mni_err": 0.000636458944773034,
    "eexp": 0.0,
    "eexp_err": 0,
    "vph": 22.0,
    "vph_err": 0,
    "ek": 285.1071195663719,
    "ek_err": 6.555897211007204
}