{
    "name": "Arnett",
    "params": {},
    "mej": 1.9571934058993552,
    "mej_err": 0.04798888945342139,
    "mni": 0.07695982701566315,
    "mni_err": 0.0006787729035805378,
    "eexp": 0.0,
    "eexp_err": 0,
    "vph": 22.0,
    "vph_err": 0,
    "ek": 284.18448253658636,
    "ek_err": 6.967986748636785
}