{
    "name": "Arnett",
    "params": {},
    "mej": 1.9928397961334938,
    "mej_err": 0.04775876948826675,
    "mni": 0.0771938792296077,
    "mni_err": 0.0006688969374173049,
    "eexp": 0.0,
    "eexp_err": 0,
    "vph": 22.0,
    "vph_err": 0,
    "ek": 289.36033839858334,
    "ek_err": 6.934573329696334
}